SVL,Weight,HeadW,ShW,ThL,LoLegL,ThW,LLegW,Risk
12.379,0.123,4.658724896,4.325819024,4.692,4.447,2.504909274,1.577957951,null
12.798,0.132,4.563946789,4.052377304,4.8235,4.457,2.289070014,1.37751548,null
12.362,0.133,4.390997562,4.027266267,5.177,4.6505,2.294709282,1.428949014,null
12.571,0.134,4.37745105,4.627490986,4.8625,4.3545,2.246708208,1.549078964,null
12.891,0.134,4.696661306,4.09120208,4.9545,4.458,2.325335752,1.53266607,null
13.019,0.137,4.754821418,4.387307082,4.8575,4.454,2.252001112,1.529413747,null
12.641,0.139,4.356234171,4.495018197,5.548,5.01,2.304967462,1.447696846,null
12.869,0.139,4.661033294,4.510670605,5.3535,4.7935,2.255263109,1.54366612,null
12.82,0.14,4.430361067,4.302217038,4.4845,4.115,2.415238041,1.635025949,null
12.892,0.141,4.677699827,3.777004471,5.0775,4.6425,2.300524872,1.301410408,null
12.462,0.143,4.689270846,4.46078107,5.168,4.5305,2.043815996,1.633648997,null
13.256,0.143,4.59579212,3.842879517,4.254,3.9605,2.482277426,1.688096767,null
13.438,0.143,4.548396063,4.437950616,5.2245,4.6715,2.210158771,1.494739214,null
13.008,0.144,4.769014021,4.104573373,4.513,4.4865,2.344098425,1.649284898,null
12.526,0.146,4.426722088,4.070016223,5.4575,5.1215,2.023001114,1.199311761,null
12.742,0.148,4.668126463,4.046719061,5.26,4.447,2.288455894,1.555248945,null
12.76,0.149,4.657320762,4.391167117,5.4055,4.801,2.290859758,1.355735869,null
13.665,0.149,4.75588719,4.012618182,5.0945,4.747,2.195684048,1.498161549,null
13.46,0.15,4.447604356,4.136886564,4.8935,4.3375,2.256803492,1.559829456,null
13.34,0.151,4.840460998,4.503591024,5.511,4.962,2.299381925,1.523209442,null
13.521,0.151,4.65539813,4.335046048,4.7245,4.701,2.270525812,1.39723225,null
13.582,0.151,4.664030109,4.138081337,5.212,4.867,2.240893581,1.416105992,null
13.597,0.151,4.770321077,4.405188235,4.961,4.741,2.414160243,1.480900096,null
12.916,0.152,4.581139823,4.312146474,4.967,4.331,2.437981906,1.649453366,null
13.279,0.152,4.561600463,4.529076144,5.351,4.6505,2.20201433,1.402076259,null
13.304,0.152,4.843168937,4.853720824,4.278,4.1235,2.443675158,1.543527782,null
13.455,0.154,4.72881051,4.671987044,5.453,4.8715,2.175521737,1.609196877,null
13.9,0.154,4.879641882,4.35707152,4.9885,5.1305,2.222839251,1.342840213,null
13.574,0.155,4.902023471,4.33734731,5.1255,4.6065,2.283562205,1.540070822,null
13.592,0.155,5.012841339,4.375459007,5.301,4.405,2.370083944,1.487148175,null
13.069,0.156,4.862350726,4.28499791,5.349,4.762,2.390671351,1.40254295,null
13.378,0.156,4.950101751,4.416768782,5.2275,4.978,2.180245487,1.448734904,null
13.565,0.156,4.675321198,4.057314208,5.157,4.9045,2.333184049,1.463474981,null
13.391,0.157,4.707447509,4.203711102,5.8695,5.0645,2.160603073,1.448723696,null
13.811,0.157,4.707681099,4.236147025,5.442,4.814,2.372194439,1.403894931,null
12.74,0.158,4.482400626,4.402687921,5.295,4.684,2.225407282,1.398381122,null
13.039,0.158,4.85179028,4.271795589,5.403,5.0325,2.224970765,1.485685026,null
13.462,0.158,4.98307129,4.083612754,5.5855,5.1445,2.195783542,1.355340594,null
13.712,0.158,4.765076982,4.388934491,5.467,5.1255,2.269874652,1.475125013,null
13.765,0.158,4.811238294,4.650961007,5.141,4.7025,2.169686342,1.54569754,null
14.652,0.158,4.499297811,4.460368222,5.44,5.176,2.200536366,1.276677893,low
13.028,0.159,4.683922974,4.268793217,5.1555,4.3555,2.391978808,1.672474353,null
13.543,0.159,4.74283285,4.558517159,4.93,4.6965,2.429812441,1.419729137,null
13.99,0.159,4.854385941,4.315162499,4.897,4.7785,2.263555721,1.474043991,null
14.034,0.159,4.785521784,4.042176412,5.6415,5.2585,2.290214249,1.44817397,null
13.28,0.16,4.672141127,3.783286429,5.011,4.904,2.297115,1.220384244,null
13.603,0.16,4.536082829,4.23500594,5.473,4.677,2.232116311,1.311799803,null
13.609,0.16,4.961240902,4.558677212,5.201,4.4065,2.400278113,1.590420749,null
14.305,0.16,4.791564259,4.410595497,5.2815,5.367,2.442486103,1.346172183,low
13.259,0.161,4.693438347,4.760734759,4.8395,4.158,2.222691234,1.566730426,null
13.796,0.161,4.571876401,4.255764499,5.4635,4.8795,2.353986766,1.311731796,null
13.992,0.161,4.812693582,4.490302459,5.38,4.609,2.327878939,1.567617048,null
14.123,0.161,4.87476635,4.240206092,4.7555,4.5155,2.413985268,1.320306402,null
13.075,0.162,4.806131085,4.515347825,5.31,4.518,2.388700862,1.266020648,null
13.249,0.162,4.696371806,4.039016775,4.9695,4.607,2.303914099,1.530395028,null
13.523,0.162,4.752071575,4.245102263,4.7375,4.3,2.531265793,1.476501652,null
13.355,0.163,4.916772132,4.543323651,5.493,4.825,2.126935031,1.726056609,null
13.432,0.163,4.889388215,4.376576649,5.76,5.02,2.146824527,1.321615199,null
13.463,0.163,4.861420618,4.441073438,5.7455,5.006,2.13331241,1.435799243,null
13.735,0.163,4.832280203,4.580981884,5.3095,4.7835,2.162114077,1.479437686,null
13.272,0.164,4.740924558,3.853445649,5.8095,4.834,2.173833445,1.37200431,null
13.433,0.164,4.710370631,4.328694885,5.3905,4.886,2.193232093,1.509603483,null
14.232,0.164,4.783709383,4.781386385,5.733,5.202,2.127122273,1.354850757,low
13.305,0.165,4.615235292,3.854589035,5.2685,4.547,2.245513448,1.368631867,null
13.395,0.165,4.782689577,4.000262789,5.7285,4.769,2.24633509,1.491622428,null
13.462,0.165,4.909752133,4.384266705,5.402,4.079,2.277969247,1.692216533,null
13.796,0.165,4.742770064,4.214375003,5.5265,5.177,2.261276328,1.358713929,null
13.798,0.165,4.747586602,4.275762047,5.295,4.4645,2.255583818,1.377790406,null
13.823,0.165,4.637249609,4.108507736,5.1565,4.5835,2.390853224,1.512449895,null
13.905,0.165,4.982111457,4.353012491,5.346,4.7875,2.263142764,1.403769526,null
14.148,0.165,4.81044184,4.334154213,5.371,4.8995,2.296427314,1.293572844,null
12.914,0.166,4.533523146,4.321432452,5.131,4.509,2.413268978,1.535429825,null
13.933,0.166,5.003288415,4.59257348,5.321,4.7645,2.307630682,1.322489855,null
14.297,0.166,4.755508783,4.370227117,5.7925,5.3955,2.257363209,1.422030787,low
12.977,0.167,4.814837103,3.968547021,5.675,5.026,2.273747253,1.461829639,null
13.5,0.167,4.753542074,4.284982779,5.376,4.573,2.31330206,1.545077699,null
13.535,0.167,4.802600304,4.275848704,5.617,4.7965,2.28992602,1.453998798,null
13.88,0.167,4.715937973,4.1413136,4.9035,4.6995,2.312833228,1.444454744,null
14.18,0.167,4.769173638,4.369228387,5.2275,5.098,2.331268312,1.378443856,null
14.553,0.167,4.908556664,4.030453779,5.4225,4.884,2.11586413,1.398454991,low
13.233,0.168,4.596939324,4.124710476,5.703,4.7505,2.041222143,1.335924955,null
13.301,0.168,4.828413975,4.101714588,4.63,3.7875,2.284277806,1.656630616,null
13.446,0.168,4.793144006,4.108513165,5.05,4.875,2.301658861,1.365962911,null
13.568,0.168,4.96395151,4.625197865,5.783,4.678,2.126038788,1.571240946,null
13.737,0.168,4.759611226,4.344210744,5.5025,4.8575,2.204611607,1.615752625,null
13.799,0.168,4.699328449,4.50969614,5.341,4.712,2.202658156,1.439945371,null
13.837,0.168,4.909916461,4.360857927,5.033,4.5295,2.490568188,1.471629398,null
13.905,0.168,4.824273902,4.499055149,5.807,5.1935,2.347231896,1.28466786,null
13.927,0.168,4.989114897,4.279066965,5.025,4.714,2.196427884,1.408847446,null
14.164,0.168,4.854337095,4.149460268,5.39,4.3765,2.307584663,1.471478886,null
13.232,0.169,4.447425619,4.415627882,5.5775,4.8465,2.136598798,1.451822834,null
13.271,0.169,4.683835919,4.345832982,5.191,4.394,2.247170934,1.450575208,null
13.53,0.169,4.733161234,4.296163961,5.71,5.051,2.088998541,1.451171165,null
13.853,0.169,4.685350781,4.415995511,5.7185,5.1525,2.256155136,1.393460643,null
13.98,0.169,4.912318836,4.471919467,5.7955,4.542,2.17623434,1.375196399,null
14.528,0.169,4.784359837,4.138013868,5.69,4.8335,2.193320119,1.40591625,low
13.758,0.17,4.659547428,4.317225335,5.2665,4.7965,2.334538897,1.531311309,null
13.969,0.17,4.709806793,4.066710742,5.049,4.6945,2.170085653,1.403721729,null
14.355,0.17,4.945008972,4.23915221,4.9255,5.0635,2.378736213,1.437260095,low
14.387,0.17,4.785404928,4.945450827,5.273,4.8355,2.326673574,1.426954546,low
12.923,0.171,4.530010977,4.105037433,4.992,4.1345,2.334476334,1.589576488,null
13.325,0.171,4.741620991,4.368968559,5.5715,4.932,2.18162016,1.327975921,null
13.421,0.171,4.826770392,4.542936005,5.2295,4.704,2.262201678,1.604146578,null
13.984,0.171,4.836275465,4.432770821,5.505,4.935,2.075174893,1.422856905,null
14.061,0.171,4.621895999,4.090374686,5.759,5.182,2.105023539,1.254551,null
14.168,0.171,4.851050375,4.569810377,4.687,4.7575,2.283518964,1.436389042,null
14.416,0.171,4.836214746,4.310110054,5.403,4.918,2.353872356,1.465876487,low
13.405,0.172,4.571690574,4.043619149,4.8705,4.7885,2.459499688,1.540588788,null
13.619,0.172,4.626200513,4.237060355,5.8025,4.649,2.178028689,1.38963579,null
13.779,0.172,4.649612838,4.37144825,5.255,4.5465,2.250754717,1.586115327,null
13.937,0.172,4.864486552,4.132992309,5.0795,5.0795,2.322510072,1.386713906,null
13.992,0.172,4.886337479,3.987221144,5.577,5.247,2.112591688,1.343541292,null
13.561,0.173,4.781792625,4.108320609,5.3405,4.5695,2.293950987,1.616280077,null
13.659,0.173,4.466118777,3.947158905,5.18,4.9495,2.193630925,1.518816122,null
13.721,0.173,4.827130502,4.058939824,5.7935,5.384,2.241194783,1.204783137,null
13.756,0.173,4.81431648,4.361500034,5.412,4.986,2.295806312,1.457445872,null
14.408,0.173,4.530049318,4.504263073,5.2235,4.9785,2.359885479,1.401783044,low
13.483,0.174,4.692336697,4.340418544,5.3165,4.864,2.261588212,1.345507283,null
13.592,0.174,4.820058544,3.809212503,5.323,4.6765,2.171636049,1.595204998,null
13.689,0.174,4.763648628,4.25404442,5.153,5.0495,2.284967122,1.273149326,null
13.788,0.174,4.62636718,4.290712236,5.342,5.014,2.075872158,1.422586936,null
14.007,0.174,4.706378288,4.410783414,5.1905,5.02,2.287293275,1.380901085,null
12.962,0.175,4.792308648,4.499877503,5.339,4.699,2.190936949,1.529784899,null
13.682,0.175,4.781383621,4.354361176,5.856,5.1785,2.110181823,1.325922342,null
13.704,0.175,4.70921868,4.335535408,5.745,4.4695,2.076293469,1.491720893,null
13.785,0.175,4.785709738,4.422923885,6.0185,5.2595,2.07726087,1.224780488,null
13.931,0.175,4.83199558,4.535334546,5.572,4.854,2.151152659,1.3462528,null
13.989,0.175,4.718353158,4.419654516,5.3235,4.9145,2.260292105,1.324733521,null
14.188,0.175,4.860275362,4.965200218,5.238,4.8295,2.180438174,1.176580406,null
14.44,0.175,4.819048281,4.387427146,5.7415,5.2165,2.289093506,1.347024986,low
13.401,0.176,4.713304324,3.7197834,5.665,4.9555,2.143830118,1.361545613,null
13.561,0.176,5.009991296,4.076900699,5.0235,4.8105,2.506231914,1.222332065,null
13.813,0.176,4.46587608,4.167770695,5.7525,5.2185,2.180398906,1.399110948,null
13.898,0.176,4.727762458,4.134491303,5.2885,5.009,2.31239584,1.49906611,null
13.965,0.176,4.8386124,4.519598599,4.951,4.929,2.248928299,1.26849931,null
14.061,0.176,4.60268732,4.269743292,5.636,5.0125,2.183598658,1.393518832,null
14.632,0.176,5.04894594,4.553127761,5.805,5.006,2.415399252,1.443605329,low
13.649,0.177,5.095459511,4.1786922,5.553,5.1205,2.286198336,1.37104574,null
13.839,0.177,4.953184839,4.44049034,5.188,4.72,2.287529768,1.583901103,null
13.903,0.177,4.821351142,4.434714943,5.8315,5.13,2.093122751,1.306648149,null
13.939,0.177,4.747913784,4.598091454,5.183,4.597,2.286012519,1.49777653,null
13.986,0.177,4.689648398,4.26262912,5.2345,5.0255,2.312070924,1.484279165,null
13.99,0.177,4.475874579,4.83778512,5.1365,5.183,2.288842659,1.208090531,null
14.027,0.177,4.846383358,4.500695466,5.178,4.687,2.18352344,1.467323253,null
14.132,0.177,4.846039449,4.153441877,5.357,4.7705,2.222456093,1.358387687,null
14.224,0.177,4.665369077,4.63330403,5.5125,5.2045,2.15317583,1.350827948,low
14.447,0.177,4.971436511,4.556714135,5.0725,4.966,2.293760796,1.302187406,low
14.587,0.177,4.794504471,4.372063613,5.481,5.198,2.197717954,1.341491899,low
13.293,0.178,4.731220199,4.13574079,5.575,4.1735,2.309137626,1.666252384,null
13.294,0.178,4.945639549,4.256386094,5.7525,5.155,2.119487158,1.413835369,null
13.558,0.178,5.010179253,4.134337912,5.267,5.143,2.19406244,1.453880479,null
13.644,0.178,4.860389786,4.127786195,5.473,4.8015,2.231336307,1.478824032,null
13.907,0.178,5.040819529,4.291691884,5.767,5.242,2.278153184,1.244681358,null
13.914,0.178,4.807471647,4.09187593,5.3115,4.613,2.201250307,1.530793462,null
13.964,0.178,4.800026056,4.432053977,5.702,5.277,2.122866399,1.163602686,null
13.965,0.178,4.883443114,4.325964477,5.828,5.2005,2.107141781,1.45121264,null
14.026,0.178,4.687484649,4.217268156,5.6845,4.922,2.185534849,1.422768461,null
14.036,0.178,4.901380334,3.846860052,5.3275,5.3145,2.331502635,1.32235918,null
14.065,0.178,4.562845914,4.325320084,5.694,5.2,2.197933316,1.297710563,null
14.217,0.178,4.801154829,4.627041739,5.503,5.1345,2.262300082,1.339033528,low
14.236,0.178,4.70273643,4.19521411,6.063,5.2095,2.14182652,1.30051193,low
14.408,0.178,5.000657652,4.202211082,5.8175,5.2325,2.13133479,1.324221423,low
14.614,0.178,4.98937431,4.370216852,5.279,5.0025,2.190973398,1.44942976,low
13.55,0.179,4.90527946,4.203454668,5.5655,5.1785,2.267694964,1.263456502,null
13.618,0.179,4.796222134,4.263724954,5.004,4.789,2.333131723,1.44147011,null
13.72,0.179,5.118703363,4.578746149,5.847,5.187,2.22899811,1.227669124,null
13.722,0.179,4.504469747,4.090937366,5.6165,5.138,2.221522597,1.496645068,null
13.932,0.179,4.949616417,4.551448265,5.329,4.6425,2.143381093,1.362994217,null
14.104,0.179,4.750332005,4.332875806,5.355,4.7135,2.20871903,1.261914112,null
14.533,0.179,4.827031838,4.472680579,5.7635,4.9305,2.214535271,1.455115496,low
13.726,0.18,4.548315784,4.459463575,4.9815,4.6675,2.273640382,1.343797061,null
14.1,0.18,4.840126227,4.221201747,5.7695,5.174,2.24144492,1.2584081,null
14.292,0.18,5.047843116,4.063846366,5.6895,5.387,2.305504322,1.400709711,low
13.592,0.181,4.550881065,4.360109172,5.893,5.1705,2.046732511,1.569832875,null
13.768,0.181,4.845124579,4.481952404,5.72,4.7045,2.095348235,1.478275061,null
13.865,0.181,4.541652461,4.394938872,5.989,5.408,2.160112121,1.359599167,null
14.671,0.181,4.732614591,4.223045425,5.2595,5.1665,2.195969373,1.311364834,low
13.639,0.182,4.746641979,4.42508612,5.562,4.8575,2.224330818,1.4149826,null
13.972,0.182,4.751511395,4.658406631,5.41,5.364,2.115378666,1.232562285,null
14.094,0.182,4.801932149,4.571875685,5.3935,5.0205,2.266496041,1.330085787,null
14.159,0.182,4.566276376,4.451847072,4.8325,4.9055,2.416226267,1.394961907,null
14.241,0.182,4.957875703,4.381956591,5.519,4.87,2.360913629,1.51470941,low
14.354,0.182,4.92207964,4.460142915,5.5915,5.0425,2.401796634,1.502715028,low
14.654,0.182,4.955322398,4.695598992,5.835,5.2435,2.199818333,1.271839427,low
14.895,0.182,4.863649372,4.338800815,6.072,5.7615,2.300142084,1.247587681,med
14.042,0.183,4.962233972,4.599311046,5.4495,5.344,2.234771935,1.328963636,null
14.265,0.183,4.783111911,4.272379134,5.663,5.329,2.163514171,1.402336971,low
14.32,0.183,4.663822497,4.35455282,5.5955,5.0475,2.307796014,1.279885632,low
14.444,0.183,4.878341853,4.274386166,5.7525,5.0205,2.256033571,1.399359919,low
14.672,0.183,5.092986286,4.594968664,5.209,4.912,2.350099414,1.31432973,low
14.805,0.183,4.76703149,4.502675137,5.4515,4.9675,2.216364563,1.39741467,med
13.384,0.184,4.717262998,4.097249152,6.053,5.258,1.970341046,1.227349929,null
13.611,0.184,5.020577441,4.345841258,5.7885,5.334,2.207782737,1.349231146,null
13.682,0.184,4.966072245,4.514439368,5.6595,4.8775,2.19659511,1.388899888,null
13.92,0.184,4.595843613,4.28020224,5.7845,4.997,2.171708972,1.382896394,null
13.985,0.184,4.906192582,4.439016481,6.295,5.242,2.172638772,1.185757521,null
14.001,0.184,4.977968896,4.308437901,5.697,5.016,2.191341445,1.276386651,null
14.063,0.184,4.51714017,4.138918296,5.743,5.1475,2.136163435,1.280230619,null
14.122,0.184,4.792047843,4.249433574,5.6895,4.9705,2.303357691,1.467286476,null
14.143,0.184,4.967408055,4.444585775,5.9355,5.1325,2.194060807,1.326764319,null
14.154,0.184,4.800335021,4.445920186,5.854,5.3575,2.123490064,1.189923451,null
14.624,0.184,4.826683325,4.256551437,4.85,5.1705,2.292554026,1.389014435,low
14.668,0.184,4.76574695,4.524830425,5.6,4.753,2.260304029,1.400900191,low
13.782,0.185,4.866458486,4.009717536,5.5455,5.06,2.324225345,1.392938569,null
13.875,0.185,4.958461998,4.425428224,5.4195,5.171,2.244690744,1.383769961,null
13.912,0.185,4.731755103,4.26021181,6.039,5.2725,2.096285319,1.411993348,null
14.047,0.185,4.402594558,3.957898717,5.179,4.6555,2.179959668,1.309406515,null
14.252,0.185,4.889364453,4.201628212,5.8415,5.3355,2.069624754,1.289203303,low
14.271,0.185,4.598256877,4.335831366,5.384,5.0485,2.026028537,1.349786562,low
14.42,0.185,4.900771328,4.193509597,5.811,5.064,2.228013979,1.301589948,low
14.716,0.185,4.918979264,4.477090188,5.5535,4.9625,2.30331584,1.319171683,low
13.043,0.186,4.535062411,4.029365971,6.0605,5.734,2.287443482,1.192240759,null
13.632,0.186,4.75756229,3.935555674,4.8685,4.357,2.241036005,1.288500316,null
14.052,0.186,4.808442373,4.076895079,5.919,5.2235,2.302068387,1.352283511,null
14.293,0.186,4.994440598,4.700199647,5.67,5.054,2.161200275,1.314546996,low
14.408,0.186,4.733186821,4.362941863,5.716,5.168,2.134582093,1.376451907,low
14.424,0.186,4.641025547,4.276100237,5.708,5.029,2.203872914,1.34522113,low
14.472,0.186,4.732506093,4.208048383,4.955,5.114,2.219298861,1.362374542,low
14.656,0.186,4.898506637,4.191205231,6.0605,5.2825,2.165075851,1.301222787,low
14.661,0.186,4.884952118,4.173571447,5.1025,5.1595,2.423177628,1.297407431,low
15.054,0.186,4.817143768,4.386121365,6.054,5.393,2.185031646,1.377801151,med
14.612,0.187,4.869518248,4.490595854,5.2655,5.416,2.111541114,1.335621274,low
14.626,0.187,4.964649843,4.231218569,5.7285,5.121,2.158975264,1.316203468,low
14.966,0.187,4.884130053,4.21329563,6.205,5.7055,2.153748782,1.281526283,med
13.888,0.188,4.644385237,4.499565612,5.58,4.9645,2.179592873,1.543431925,null
14.007,0.188,4.89038659,4.445669229,5.1335,4.501,2.32484457,1.56456755,null
14.211,0.188,4.639558539,4.107668973,5.946,5.4305,2.080904387,1.200839319,low
14.485,0.188,4.565353729,4.105586844,5.6955,5.289,2.15287723,1.257247367,low
14.491,0.188,4.874819284,4.790309809,5.293,5.396,2.322178164,1.358915383,low
14.723,0.188,4.960643674,4.491594391,6.049,5.4625,2.183435989,1.210248716,low
13.316,0.189,4.868551838,4.251861826,5.974,5.314,2.168226228,1.20729491,null
13.65,0.189,4.695858587,4.376965825,5.78,5.0105,2.241065144,1.401682963,null
14.261,0.189,4.713168117,4.228532457,5.635,5.073,2.184822196,1.408961806,low
14.454,0.189,5.03517229,4.536351466,5.6075,4.9065,2.197337167,1.447831345,low
14.483,0.189,4.691031875,4.449034812,5.253,4.9255,2.259106804,1.45806308,low
14.854,0.189,4.992805628,4.343935031,5.6525,5.33,2.185890712,1.388484408,med
14.908,0.189,4.628254212,4.376298923,5.8585,5.275,2.158249606,1.26638713,med
14.949,0.189,4.760943814,4.64821734,6.099,5.353,2.026524023,1.242626933,med
13.656,0.19,4.692173116,4.055150635,5.039,4.534,2.208979113,1.272917861,null
13.737,0.19,4.662594691,4.319925424,5.3435,4.766,2.483111279,1.321907715,null
13.769,0.19,4.742190707,4.205323389,5.486,4.9225,2.346764193,1.491271882,null
14.119,0.19,4.878188965,4.429697629,5.455,5.16,2.214472067,1.184322344,null
14.137,0.19,4.731410267,4.477628511,5.5045,5.1555,2.13760786,1.396144733,null
14.177,0.19,4.790827481,4.56381623,4.89,4.8245,2.364426528,1.487153021,null
14.424,0.19,4.680165138,4.198964864,5.6815,5.9,2.234952586,1.172559685,low
14.646,0.19,4.819125073,4.603745706,4.8945,4.884,2.182523349,1.332811272,low
14.652,0.19,4.615412224,4.384988172,5.3315,4.9015,2.227214359,1.417913291,low
14.814,0.19,4.868748405,4.077544463,5.3715,4.7355,2.32275407,1.465412527,med
13.87,0.191,4.879111764,4.448615039,5.527,4.7755,2.116142432,1.393048744,null
14.194,0.191,4.992415914,3.879086848,5.6955,5.159,2.214439127,1.413991759,null
14.437,0.191,4.574487059,4.221324342,5.521,5.016,2.132644612,1.400233237,low
14.478,0.191,4.807149383,4.469682138,5.8505,5.5405,2.081325024,1.192202549,low
14.791,0.191,4.908364405,4.201471201,5.7405,5.5255,2.151900635,1.354874573,med
15.135,0.191,4.939432326,4.442614189,5.2345,4.9325,2.328986141,1.37561566,med
13.965,0.192,4.930832066,4.488091614,5.628,5.1535,2.092660324,1.429039122,null
14.017,0.192,4.591030199,3.979706651,5.2105,4.827,2.224828454,1.448262214,null
14.183,0.192,4.802422266,4.383315354,5.7845,4.873,2.051553544,1.369298452,null
14.384,0.192,4.885319721,4.166929729,5.876,5.11,2.194776712,1.21615771,low
14.504,0.192,4.986663728,4.752014351,5.695,5.365,2.235246053,1.227963172,low
14.659,0.192,4.899063663,4.341756143,5.915,5.552,2.078856595,1.345569263,low
14.693,0.192,4.982523876,4.55490502,5.774,5.286,2.21285458,1.329056304,low
14.929,0.192,4.75784968,4.682591562,6.025,5.3165,2.16817446,1.42558244,med
13.524,0.194,4.613506924,4.386364137,5.1875,4.599,2.313864435,1.714296666,null
13.645,0.194,4.767135256,4.0262413,5.714,5.054,2.260093769,1.438358299,null
13.876,0.194,5.030812285,4.46603177,5.5225,4.843,2.23902839,1.405149016,null
14.344,0.194,4.710275534,4.468316336,5.88,5.3015,2.097658692,1.277001644,low
14.439,0.194,5.003164996,4.892697658,5.6255,5.1095,2.157321814,1.434255514,low
14.485,0.194,4.788508491,3.88631795,5.0245,4.946,2.289819695,1.182105191,low
14.529,0.194,4.612566847,4.307963593,5.347,4.898,2.160289949,1.387938242,low
14.616,0.194,4.748938504,4.317809562,6.0045,5.111,2.237008722,1.228823249,low
14.672,0.194,4.935478529,4.44410825,5.492,5.1805,2.375645694,1.313892413,low
14.763,0.194,5.036991601,4.763864615,5.801,5.316,2.222605243,1.240160789,med
13.986,0.195,4.670351349,4.12759058,5.3275,4.952,2.140674224,1.279244703,null
14.162,0.195,4.767570952,3.92614522,5.854,5.385,2.164355315,1.349105776,null
14.202,0.195,4.845157604,4.385264656,5.153,4.797,2.1132835,1.377523965,null
14.219,0.195,4.69921823,4.244891988,5.6245,5.0035,2.093609189,1.38402244,low
14.224,0.195,4.763779183,4.490594641,5.6275,5.234,2.264933492,1.310439704,low
14.281,0.195,4.860111272,4.272062224,5.672,4.935,2.16502415,1.436875738,low
14.484,0.195,5.225874512,4.502732911,5.557,5.0845,2.099247168,1.523618739,low
14.699,0.195,4.799093503,4.288015403,5.4815,5.1635,2.377765525,1.340508635,low
14.785,0.195,4.886167888,4.26697009,6.106,5.3835,2.181755089,1.336918239,med
15.034,0.195,4.89193196,4.556998657,5.883,5.31,2.231311764,1.317232703,med
15.078,0.195,4.969734988,4.472710007,5.549,5.0535,2.367631884,1.442154452,med
13.889,0.196,4.609225949,3.934047604,5.6265,5.0785,2.29230526,1.376150142,null
14.086,0.196,4.654271104,4.086611235,5.4605,4.8885,2.230121307,1.359705664,null
14.178,0.196,4.53293446,4.032391581,4.7525,4.7085,2.361320386,1.525282502,null
14.205,0.196,4.96180824,4.474317864,6.053,5.359,2.293336061,1.252188742,null
14.291,0.196,4.870699434,4.391220252,5.936,5.5525,2.197461697,1.276783829,low
14.373,0.196,4.872405304,4.19665642,6.0545,5.2765,2.105463785,1.352295889,low
14.635,0.196,4.606125036,4.85399774,5.381,4.9035,2.310157743,1.205596634,low
14.704,0.196,4.909113639,4.667540709,5.548,5.3935,2.170776051,1.458703816,low
14.82,0.196,4.986229383,4.493679314,5.5655,5.211,2.165191295,1.403141746,med
14.044,0.197,4.786552505,4.077618017,5.9215,4.652,2.255944199,1.468677385,null
14.083,0.197,4.799902126,4.672357968,6.018,5.255,2.197642915,1.362629371,null
14.236,0.197,5.069625523,4.342550882,5.807,5.3895,2.125923823,1.33393169,low
14.275,0.197,4.595065899,4.303770061,5.534,4.731,2.176046432,1.401361275,low
14.295,0.197,4.882943413,4.162907123,5.916,5.616,2.277840348,1.3586929,low
14.409,0.197,4.980482336,4.533854722,5.849,5.1125,2.033799685,1.270818865,low
14.519,0.197,4.674317374,4.305166399,5.588,5.2105,2.154521995,1.377849604,low
14.569,0.197,4.841570629,4.526596705,5.7435,5.4905,2.205298441,1.306122802,low
14.754,0.197,4.685513402,4.656154362,5.4125,4.9705,2.215153047,1.320260709,med
15.171,0.197,4.694153133,4.507209227,5.391,5.381,2.251570861,1.286509434,med
13.839,0.198,4.623534032,4.251230684,6.105,5.1895,2.021249574,1.223311172,null
14.744,0.198,4.927627999,4.513448869,5.1575,4.69,2.213695335,1.395700295,med
14.745,0.198,4.936792284,4.253647668,5.742,5.5095,2.234248455,1.054710733,med
15.316,0.198,5.103242891,4.474026115,6.293,5.4095,2.181512591,1.320465789,high
13.718,0.199,4.74061132,4.194657267,5.9235,5.3605,2.208285597,1.364569843,null
13.731,0.199,4.707913683,4.379518474,5.6845,5.1565,2.163843891,1.441371193,null
13.782,0.199,4.814843007,4.240179316,5.7175,4.4565,2.215511298,1.601808485,null
14.187,0.199,5.089073358,4.38094478,5.305,4.7735,2.476019228,1.325220426,null
14.298,0.199,4.954374197,4.578353951,5.9,5.195,2.204224882,1.336213165,low
14.316,0.199,4.994507803,4.92943684,5.875,5.4185,2.100583198,1.298311829,low
14.4,0.199,4.773055128,4.550902157,6.2745,5.7585,2.105264714,1.10885959,low
14.43,0.199,4.898437731,4.508656289,6.02,5.144,2.102738804,1.466530259,low
14.461,0.199,4.891644153,4.397560039,5.9755,5.4755,2.156837722,1.181818529,low
14.466,0.199,4.976725707,3.978083695,5.502,5.29,2.266405592,1.398413344,low
14.758,0.199,5.295477721,4.427230945,5.967,5.4605,2.150968803,1.346000379,med
13.897,0.2,4.542499249,4.096609784,5.7135,5.4115,2.080121466,1.226596955,null
13.99,0.2,4.668327761,4.284021641,5.0295,5.053,2.399426136,1.548573515,null
14.248,0.2,4.985994203,4.04418731,5.7865,5.287,2.155011851,1.352019364,low
14.269,0.2,4.927194635,4.580301628,5.73,5.0075,2.036343168,1.295121261,low
14.295,0.2,4.48733878,4.041507206,5.6255,5.24,2.106677424,1.222877052,low
14.318,0.2,4.708018645,4.237092621,5.55,4.892,2.290525237,1.408788321,low
14.392,0.2,4.889228739,4.542614589,5.6375,5.16,2.280984259,1.332435749,low
14.682,0.2,4.983821458,4.375717311,6.055,5.622,2.283570344,1.365069428,low
14.718,0.2,4.907276872,4.246733356,6.0725,5.3325,2.239472067,1.258901699,low
14.736,0.2,4.768670359,4.309100973,5.7595,5.3375,2.126352343,1.423118851,low
14.748,0.2,5.015297968,4.086203309,5.388,5.097,2.161974903,1.402382623,med
15.416,0.2,5.002248032,4.321748898,6.117,5.508,2.178616308,1.353918727,high
13.417,0.201,4.863713266,4.48978593,5.983,5.4695,2.168050791,1.343792118,null
13.683,0.201,4.6305696,4.44277712,5.4255,5.1405,2.313331282,1.403889267,null
13.802,0.201,4.834286269,4.417209577,5.726,4.5835,2.211327039,1.432238965,null
14.127,0.201,4.64803143,4.562393454,6.0045,4.953,2.210807078,1.4130362,null
14.274,0.201,4.873017273,4.19488303,5.5245,5.209,2.374051529,1.393457099,low
14.316,0.201,5.036990756,4.147907549,5.6605,4.9655,2.349382514,1.317941545,low
14.421,0.201,4.899067314,4.189419317,6.2795,5.3535,2.175500754,1.257593949,low
14.514,0.201,4.639637408,4.262883593,6.0735,5.7975,2.20834638,1.136980256,low
14.531,0.201,4.719517746,4.139936805,5.6725,5.2625,2.14534003,1.437955311,low
14.727,0.201,4.734033363,4.417234829,5.6315,5.2795,2.13514719,1.403215915,low
15.126,0.201,5.170898481,4.068896417,6.1245,5.432,2.231729705,1.280782748,med
13.829,0.202,4.830861036,4.246393985,5.8275,5.099,2.23624986,1.299025749,null
13.866,0.202,4.744983283,4.308782501,5.63,4.689,2.230491028,1.238995625,null
14.143,0.202,4.779070274,4.005363949,5.514,5.305,2.218573617,1.13602034,null
14.315,0.202,4.875638328,4.187214543,6.099,5.6765,2.159739924,1.434601245,low
14.823,0.202,4.849957578,4.076870025,5.9585,5.788,2.286328518,1.147366084,med
15.023,0.202,4.963469992,4.829794505,6.5055,5.667,2.181855056,1.314148792,med
15.031,0.202,4.844698105,4.731310951,5.8995,5.534,2.35283315,1.256313076,med
15.205,0.202,4.937893041,4.515950756,5.2175,5.1185,2.378802725,1.213723672,med
15.637,0.202,4.831170129,4.891103145,6.001,5.4125,2.149679451,1.387400174,high
14.011,0.203,4.660221553,3.942367159,5.492,4.9145,2.156209124,1.571828535,null
14.033,0.203,4.714709501,4.374543689,5.063,4.6525,2.307254651,1.382452479,null
14.066,0.203,4.71025873,4.476789364,6.0055,5.387,2.199588558,1.433744318,null
14.134,0.203,4.686320528,4.54887318,5.4735,5.124,2.238544106,1.428041075,null
14.292,0.203,4.912251022,4.633469079,5.6735,5.181,2.223764666,1.424827945,low
14.323,0.203,4.717317623,4.753281843,5.312,4.9525,2.294477911,1.487830557,low
14.41,0.203,5.067400415,4.364510119,5.8355,5.2775,2.076362675,1.448565259,low
14.75,0.203,5.034329085,4.325747664,6.4175,5.5895,2.152148913,1.402164423,med
14.752,0.203,5.137568486,4.285563536,5.654,5.038,2.183838228,1.519001494,med
14.935,0.203,4.716898097,4.380865584,5.195,4.6635,2.063537537,1.248427342,med
13.949,0.204,4.908011454,4.228229975,5.4235,4.8505,2.340997963,1.169033475,null
14.197,0.204,4.823470191,4.474536339,5.1655,4.943,2.291166004,1.448001648,null
14.273,0.204,4.863513118,4.312499339,5.401,5.1165,2.276506338,1.286364799,low
14.423,0.204,4.838625169,4.489653917,5.9565,5.3015,2.079827377,1.16805511,low
14.451,0.204,4.745094799,4.383851732,5.717,5.484,2.146828729,1.325865454,low
14.74,0.204,4.975746669,4.228212415,6.4365,5.605,2.164785734,1.265003528,low
14.908,0.204,4.997045664,4.578486951,5.389,5.235,2.11365768,1.363844462,med
14.922,0.204,5.146488359,4.828814367,5.7015,4.909,2.208636231,1.356332509,med
13.889,0.205,4.676914316,4.041381136,4.774,4.6795,2.389888275,1.584654825,null
14.01,0.205,4.789403181,4.437707157,5.5415,5.6185,2.364561948,1.197283071,null
14.033,0.205,4.555576953,4.197484012,6.239,4.7485,2.214601046,1.514219436,null
14.225,0.205,5.004011416,4.409483499,5.268,4.7765,1.950543438,1.537791116,low
14.366,0.205,4.698728802,4.555256569,6.108,5.6465,2.076784805,1.389739705,low
14.375,0.205,5.036411665,4.685134807,5.759,5.268,2.173814993,1.453348364,low
14.499,0.205,4.928778406,4.718558359,5.458,5.109,2.26346017,1.397635205,low
14.645,0.205,5.238501424,4.092095537,5.816,5.447,2.253376824,1.092802478,low
14.989,0.205,4.762170132,4.405982231,5.8515,5.284,2.011584937,1.181297887,med
14.012,0.206,4.867625372,4.070052878,5.8755,5.0645,2.101167164,1.258212523,null
14.187,0.206,5.236326163,4.340041157,6.356,5.8035,2.216342303,1.274992794,null
14.213,0.206,4.642181805,4.468775258,5.8065,4.868,2.331872834,1.459605627,low
14.29,0.206,4.860012708,4.733467819,5.644,5.202,2.259864503,1.396659346,low
14.353,0.206,4.822899828,4.627132999,5.7585,4.9015,2.203842143,1.523943433,low
14.404,0.206,4.72957011,4.21600435,6.059,5.184,2.156672092,1.398151115,low
14.577,0.206,4.800912535,4.42130133,5.8395,5.1205,2.260759701,1.385546372,low
14.745,0.206,5.17498096,4.41758508,5.902,5.6465,2.061302617,1.314077024,med
14.95,0.206,4.828595445,4.158068848,5.7105,5.261,2.13180448,1.401827148,med
14.027,0.207,4.775882014,4.454646765,5.527,5.177,2.162113757,1.343992181,null
14.201,0.207,4.886894529,4.308119586,5.884,5.0385,2.058841749,1.257357389,null
14.453,0.207,4.765075948,4.342207924,5.991,5.4475,2.144757057,1.301477113,low
14.661,0.207,4.76629145,4.063109337,5.6645,5.0145,2.317390715,1.417981242,low
14.694,0.207,5.146585356,4.885010358,6.1535,5.5025,1.972210942,1.232161371,low
14.742,0.207,5.033369072,4.432672696,5.6665,5.413,2.150237618,1.300814453,med
14.746,0.207,4.86642502,4.461535781,5.806,4.8285,2.109170127,1.384642201,med
14.77,0.207,4.759785073,4.643566954,5.809,5.2875,2.216482479,1.2850765,med
14.981,0.207,5.02870303,4.305274022,5.658,5.103,2.075338175,1.376323025,med
14.41,0.208,4.989158909,4.064119956,5.7855,4.7485,2.060234511,1.337412202,low
14.451,0.208,4.846743803,4.35520981,5.9665,5.5545,2.187765351,1.356103691,low
14.569,0.208,4.891986403,4.367857862,5.717,5.421,2.113992051,1.190668955,low
14.602,0.208,5.027237901,4.095094867,5.596,5.435,2.179893422,1.394539766,low
14.607,0.208,4.756465815,4.221378309,6.047,5.293,2.137439639,1.431019161,low
14.637,0.208,5.001517582,4.21367319,5.2365,4.7765,2.280942789,1.394337373,low
14.723,0.208,4.730809991,4.540753683,5.4965,5.2475,2.211329481,1.291363825,low
14.912,0.208,4.811988367,4.755854895,5.673,5.3695,2.283678669,1.452353606,med
14.993,0.208,4.760810272,4.300087438,6.0855,5.4905,2.107609209,1.217667296,med
15.011,0.208,4.917752116,4.194366434,6.496,5.6665,2.035960943,1.212329732,med
15.058,0.208,4.878029516,4.520854506,6.032,5.352,2.092585894,1.315827393,med
15.066,0.208,4.855361129,4.629984752,5.7885,4.8815,2.142108267,1.367753132,med
15.076,0.208,4.909980117,4.396606798,4.767,5.0925,2.452151538,1.357606556,med
15.264,0.208,4.990575407,4.556924192,6.03,5.6245,2.20988867,1.276203977,med
13.649,0.209,4.72870848,3.938224795,5.677,5.2125,2.188177882,1.432725922,null
13.725,0.209,4.522286696,4.332754505,5.102,4.801,2.306998825,1.426899071,null
14.077,0.209,4.718038421,4.009035085,5.5115,4.9925,2.082713251,1.346271748,null
14.095,0.209,4.49616702,4.452256474,5.815,5.13,2.344739402,1.400202107,null
14.524,0.209,4.830397147,4.664819074,5.824,5.4915,2.307350852,1.326485386,low
14.873,0.209,5.056493171,4.410427505,6.0025,5.133,1.900673526,1.285813156,med
15.084,0.209,4.769699982,4.377020448,6.1635,5.624,2.019151863,1.156189458,med
13.911,0.21,4.947795841,4.221720659,4.9175,4.5695,2.257006291,1.383989302,null
13.986,0.21,4.801283898,4.345889985,5.937,5.227,2.199901825,1.270813331,null
14.235,0.21,4.936027225,4.356427278,6.12,5.149,2.193601849,1.39582183,low
14.261,0.21,4.852047551,4.192681323,6.084,5.5625,2.244260964,1.34997994,low
14.278,0.21,4.87745698,4.457636321,6.1015,5.619,2.190365318,1.171064329,low
14.379,0.21,4.857745579,4.315800254,5.6945,5.0355,2.266034606,1.301540067,low
14.506,0.21,5.012540619,4.394644423,6.238,5.4065,2.12785255,1.174627138,low
14.569,0.21,4.898069332,4.31694831,5.5245,5.383,2.252871618,1.336365511,low
14.622,0.21,4.849089537,3.961476989,5.733,5.369,2.231015782,1.451900668,low
14.749,0.21,4.91091929,4.555167699,5.492,5.038,2.203411984,1.355972405,med
14.82,0.21,4.679653746,4.064546619,5.7275,5.594,2.163937268,1.216403316,med
15.492,0.21,4.822010607,4.714429733,5.589,5.445,2.21314732,1.28613029,high
13.543,0.211,4.919017221,3.89336498,5.7565,5.146,2.104241908,1.230344048,null
14.246,0.211,4.720526782,4.385621349,5.934,5.534,2.12679143,1.262250766,low
14.267,0.211,4.980211557,4.250549098,5.8555,5.192,2.206886005,1.359707818,low
14.305,0.211,4.724993675,4.236791802,5.931,5.411,2.160680938,1.230824374,low
14.392,0.211,4.912562016,4.694784475,6.107,5.137,2.026603972,1.362436024,low
14.737,0.211,5.008256219,4.562412099,5.4705,4.93,2.228691394,1.4174586,low
14.801,0.211,4.970250725,4.372919389,6.11,5.516,2.187234041,1.271256381,med
15.072,0.211,4.781755734,4.255784056,6.0525,5.324,2.162466506,1.262464526,med
15.542,0.211,4.941743718,4.562736223,5.649,5.6935,2.224447529,1.311578024,high
14.22,0.212,4.963637152,3.701552938,6.0155,5.26,2.073849004,1.385687041,low
14.297,0.212,4.621352359,4.330417902,5.9125,5.4485,2.15527617,1.405212301,low
14.315,0.212,4.80908583,4.348696956,6.002,5.199,2.190870716,1.461239091,low
14.344,0.212,4.795382298,4.477011664,5.401,5.4405,2.251085548,1.318985075,low
14.629,0.212,5.073217373,4.063466547,5.274,4.97,2.321099976,1.29772556,low
14.657,0.212,4.803625623,4.707048881,6.399,5.7505,2.005482689,1.208772201,low
14.675,0.212,4.883135955,4.091523521,5.7895,5.3525,2.26937217,1.326824321,low
14.835,0.212,5.152009266,4.191403031,5.4265,5.297,2.155576096,1.410088379,med
14.988,0.212,4.725927632,4.613567317,5.701,5.3305,2.254521452,1.293623452,med
15.129,0.212,5.164088976,4.535186711,6.359,5.7915,2.024574542,1.106426988,med
15.194,0.212,4.941002391,4.595269925,5.603,5.499,2.224589192,1.430159553,med
15.46,0.212,4.70980271,4.879222637,5.84,4.891,2.223079696,1.363431211,high
13.746,0.213,4.64143702,4.299273583,5.587,5.22,2.330048514,1.550656792,null
13.981,0.213,4.758906035,4.017129389,5.511,4.955,2.246488999,1.421650136,null
14.248,0.213,4.81338515,4.66779544,5.498,5.0635,2.151876055,1.50453888,low
14.358,0.213,4.548360218,4.365098934,5.547,4.886,2.242769329,1.243604365,low
14.381,0.213,4.864218743,4.507343125,5.952,5.163,2.231824231,1.364889915,low
14.433,0.213,4.884474588,4.427602254,5.6675,5.281,2.281366924,1.52547938,low
14.491,0.213,4.696337648,4.619409407,5.7925,5.3175,2.164838379,1.287569719,low
14.878,0.213,4.786948998,4.838874377,5.433,5.246,2.225115261,1.331307023,med
15.356,0.213,4.803941589,4.73852286,6.127,5.8235,2.150774001,1.265033079,high
14.032,0.214,4.641375978,4.374708616,5.8705,5.046,2.277334893,1.51238334,null
14.214,0.214,4.922758002,4.299976959,5.7005,5.3665,2.285335136,1.239101456,low
14.278,0.214,4.926980083,4.269509609,5.9965,5.6695,2.083350549,1.308232857,low
14.319,0.214,5.038118509,4.49546466,6.0395,5.5895,2.144630092,1.120609769,low
14.426,0.214,4.703245494,4.530968648,6.102,5.5055,2.131727907,1.171696499,low
14.462,0.214,4.589387464,4.610004068,5.755,4.9725,2.297893532,1.381958594,low
14.687,0.214,4.726901682,4.634819925,4.923,4.6505,2.352309746,1.469854555,low
14.821,0.214,4.77273241,4.366371586,6.0135,5.3015,2.098874748,1.523737148,med
14.962,0.214,4.777541232,4.606316472,5.6585,5.088,2.20988982,1.194388253,med
15.037,0.214,4.967520671,4.441898225,6.322,5.6565,2.013703182,1.104880732,med
15.037,0.214,5.085914169,4.665914355,6.0145,5.795,2.206033659,1.282913232,med
15.077,0.214,4.850871748,4.191175706,5.032,4.938,2.271839962,1.332839126,med
15.126,0.214,4.726253122,4.087366375,5.7545,5.6415,2.368630912,1.216424837,med
15.139,0.214,4.876186114,4.354920713,5.8105,5.445,2.311579529,1.286060814,med
15.271,0.214,4.878534578,4.348637485,5.684,5.502,2.197508941,1.390337226,med
14.441,0.215,4.774136932,4.50555744,5.883,5.6065,2.053453693,1.359830991,low
14.676,0.215,5.085342755,4.661061575,6.3965,5.7535,1.993821945,1.161997853,low
14.743,0.215,4.85453781,4.637717199,5.488,4.6425,2.395846445,1.488397256,med
14.824,0.215,4.743784562,4.030171983,6.0305,5.5485,2.172001864,1.196698141,med
15.107,0.215,4.630220716,4.508760993,6.0745,5.8065,2.27419317,1.177758082,med
15.112,0.215,4.894259575,4.781315484,6.0375,5.578,2.226907286,1.371715828,med
15.202,0.215,4.986083416,4.41882776,5.9405,5.3665,2.031502864,1.173767247,med
14.317,0.216,4.90317998,4.524773597,5.9715,5.673,2.135302189,1.110815287,low
14.336,0.216,4.796006033,4.689937726,5.9885,5.5145,2.241013609,1.349806782,low
14.612,0.216,4.847876298,4.278921454,6.051,5.5965,2.052191057,1.306338492,low
14.66,0.216,4.925363046,4.434525495,5.898,5.036,2.192045007,1.358094348,low
14.667,0.216,4.988726539,4.385560929,5.5065,5.0745,2.162647563,1.241664665,low
14.711,0.216,4.905348935,4.65724652,5.891,5.0945,2.212326165,1.289086442,low
14.716,0.216,4.768708632,4.46635543,5.2085,5.1015,2.297668177,1.487005462,low
14.838,0.216,4.82210828,4.196591651,5.6235,5.157,2.042227873,1.317059438,med
14.847,0.216,4.851672569,4.453659129,6.0905,5.222,2.176851797,1.322629901,med
14.966,0.216,4.954143303,4.554612605,5.6965,5.1125,2.214340193,1.418027616,med
14.975,0.216,4.931123296,4.795012155,6.3815,5.625,2.135666292,1.207518475,med
14.975,0.216,4.911513908,4.502966959,5.417,5.3385,2.326699374,1.208187364,med
15.033,0.216,4.830186541,4.337220168,5.6715,5.2535,2.167007995,1.367717919,med
15.044,0.216,4.864583726,4.375209245,6.0645,5.6405,2.037111328,1.293016932,med
15.153,0.216,4.97211556,4.650730468,5.5265,4.942,2.326406188,1.356772244,med
15.175,0.216,4.958509037,4.544500313,5.713,5.5155,2.227916836,1.226238408,med
15.429,0.216,5.010131933,4.669552697,6.1155,5.497,2.242753612,1.329752529,high
14.431,0.217,5.129712251,4.52308329,5.9175,5.56,2.036363065,1.279353677,low
14.575,0.217,4.715983599,4.383121474,5.807,5.434,2.264642041,1.238250655,low
14.876,0.217,4.79430699,4.53941982,5.7545,5.226,2.284655778,1.242535664,med
14.937,0.217,4.73147526,4.242848553,5.985,5.2535,2.193347248,1.286201432,med
14.987,0.217,4.600908258,4.373194809,5.8035,5.1895,2.232441663,1.39398202,med
15.082,0.217,4.907024681,4.67625573,5.8005,5.0935,2.096140262,1.192827185,med
15.341,0.217,4.793891091,4.566166328,5.946,5.637,2.152913551,1.326671376,high
15.574,0.217,5.022964314,4.846482201,5.633,5.2315,2.218004943,1.302377317,high
14.282,0.218,4.717910192,4.402563667,5.755,5.578,2.114156036,1.189291549,low
14.343,0.218,4.833430567,4.380679683,6.3565,5.223,2.022596892,1.341051059,low
14.374,0.218,5.126956882,4.056631612,5.422,4.9915,2.284203942,1.343159424,low
14.411,0.218,4.891035998,4.368326029,5.471,5.045,2.302470366,1.274490707,low
14.601,0.218,4.73938596,4.242200307,5.8805,5.648,2.177161981,1.366819581,low
14.718,0.218,4.948479212,4.60655082,6.4145,5.4675,2.214899297,1.280184105,low
14.822,0.218,4.665927378,4.029767473,5.868,4.9485,2.216739161,1.5145607,med
14.843,0.218,4.662239835,4.61746812,5.9355,5.2295,2.230471466,1.363187106,med
15.178,0.218,4.99245908,4.571536777,6.2065,5.591,2.174647237,1.415794196,med
15.821,0.218,5.171987386,4.318594706,6.292,5.7555,2.088694133,1.411765745,high
14.213,0.219,4.694876579,4.32311234,6.3125,5.72,2.093285196,1.301862108,low
14.263,0.219,4.861766452,4.480838165,5.983,5.155,2.237034086,1.389304123,low
14.324,0.219,4.496798499,4.463562806,6.018,5.2215,2.166664068,1.344602189,low
14.382,0.219,4.909675135,4.829188907,5.9045,5.092,2.082266874,1.466901013,low
14.624,0.219,4.806176343,4.518166289,6.357,5.535,2.155303903,1.19814095,low
14.967,0.219,5.129233926,4.593660603,6.1085,5.3045,2.030649479,1.40914404,med
15.998,0.219,5.094258289,4.241235509,5.724,5.6445,2.182395831,1.137954533,high
14.709,0.22,4.896050677,4.557003765,6.065,5.212,2.178627736,1.38899228,low
14.87,0.22,4.980261434,4.50644623,5.833,5.581,2.164493168,1.312562687,med
14.939,0.22,4.748646611,4.423420119,5.9235,4.939,2.045876912,1.38414602,med
15.06,0.22,4.925025458,4.569129582,5.803,5.437,2.175557279,1.458655409,med
15.09,0.22,4.813727226,4.807370997,6.5145,5.754,2.09256934,1.190293283,med
15.321,0.22,5.031976735,4.434814743,5.998,5.755,2.118247839,1.286673139,high
15.333,0.22,4.918051726,4.139225106,5.783,5.3205,2.266061011,1.274799147,high
14.346,0.221,4.67734597,4.175117436,6.127,5.188,2.211902249,1.270719829,low
14.538,0.221,4.811786788,4.320886381,5.8485,5.3845,2.092155984,1.417011736,low
14.653,0.221,4.943703609,4.605034159,5.65,5.4335,2.376316434,1.195458765,low
14.723,0.221,4.970742468,4.386036503,5.8255,5.273,2.230704463,1.135896675,low
14.756,0.221,4.925908594,4.245579844,5.8915,5.3615,2.334149318,1.330660319,med
14.95,0.221,5.050973214,3.873590504,6.5725,5.4305,1.963570804,1.222938442,med
15.072,0.221,4.761460375,4.618552694,5.9625,5.702,2.273728916,1.220807882,med
15.083,0.221,4.957091395,4.619969717,6.29,5.6225,2.037561152,1.140924053,med
15.187,0.221,5.142263097,4.589390422,5.886,5.6155,2.271079696,1.180981502,med
14.386,0.222,4.768778268,4.018798965,6.051,5.332,2.132466206,1.135696225,low
14.646,0.222,4.999584121,4.372091702,5.967,5.3705,2.151608838,1.204901835,low
14.74,0.222,4.954370013,4.260010004,6.2075,5.8675,2.040447904,1.321877835,low
14.752,0.222,4.751153652,4.162209239,5.959,5.3975,2.109621694,1.502483109,med
14.958,0.222,5.068376182,4.061768706,5.9435,5.733,2.246168629,1.299980631,med
15.042,0.222,4.841290467,4.800360189,6.002,5.4015,2.226592021,1.227152348,med
15.876,0.222,4.901527523,4.249252838,6.781,5.673,2.020055657,1.377931045,high
14.467,0.223,4.80745108,4.358492693,5.1205,4.798,2.331867637,1.396089623,low
14.599,0.223,5.015166017,4.468555112,5.622,5.5105,2.152116363,1.26026413,low
14.641,0.223,5.070900541,4.044856675,5.7605,5.066,2.253106135,1.197545073,low
14.663,0.223,4.81902978,4.083725364,6.079,5.673,2.193525119,1.233763122,low
14.72,0.223,4.578248942,4.007551466,5.817,5.321,2.325286232,1.453346022,low
14.753,0.223,4.771452304,4.267910282,5.4715,5.493,2.139346228,1.330381053,med
14.787,0.223,5.067005402,4.307638878,6.08,5.699,2.138110047,1.314870714,med
15.563,0.223,4.994953089,4.264917596,6.3385,5.8705,2.043845335,1.204581308,high
14.224,0.224,4.944488312,4.166755229,5.918,5.2825,2.211384873,1.337106832,low
14.651,0.224,4.834930649,4.238167809,6.136,5.5015,2.120699419,1.383781439,low
14.996,0.224,4.824367934,4.17224389,5.8765,5.4585,2.298653539,1.339216763,med
15.159,0.224,4.933119567,4.081356778,6.0165,5.248,2.277075592,1.397656589,med
15.363,0.224,4.895687376,4.42432012,5.5145,5.2675,2.031770442,1.138962267,high
15.673,0.224,4.857778793,4.818544392,6.709,6.149,2.26754472,1.186176109,high
15.755,0.224,5.013877448,4.687015179,5.401,5.266,1.959482811,1.233621492,high
15.789,0.224,4.721897015,4.467532449,6.1245,5.7315,2.048084162,1.450564789,high
13.864,0.225,4.939321133,4.026758443,5.33,5.076,2.19533893,1.491414909,null
14.007,0.225,4.616981947,4.718851325,5.928,5.33,1.963109598,1.372258463,null
14.245,0.225,5.050368196,4.118217076,5.992,4.736,2.321088895,1.599730767,low
14.272,0.225,4.863019933,4.41467041,5.436,4.995,2.199225147,1.339687878,low
14.58,0.225,4.836789138,4.59671003,6.0435,5.399,2.243139935,1.128864174,low
14.601,0.225,4.881552802,4.332943337,5.765,5.3865,2.262769208,1.10190087,low
14.62,0.225,4.936075072,4.252799081,6.0205,5.011,2.072507003,1.416293301,low
14.786,0.225,4.930315504,3.954584177,5.9795,5.3385,2.024831154,1.214548595,med
15.003,0.225,4.936214612,4.544509652,5.7925,5.53,2.158176921,1.405394238,med
15.051,0.225,5.023793492,4.235396613,6.2785,5.877,2.083601637,1.250827484,med
15.156,0.225,4.943242459,4.18302078,6.483,5.9595,2.113484223,1.238766306,med
15.177,0.225,4.976514821,4.465046282,6.253,5.835,2.262249191,1.057483892,med
15.177,0.225,4.924404579,4.268529922,6.317,6.065,2.232667233,1.088136467,med
15.238,0.225,4.679190009,4.441043717,6.346,5.5435,2.171403099,1.328066489,med
15.254,0.225,4.778688585,4.415286627,6.309,5.7545,2.082716537,1.369539482,med
15.357,0.225,5.03117446,5.106686455,6.4855,5.7845,2.118226706,1.352486135,high
14.642,0.226,5.08614433,4.068459471,5.3585,5.2275,2.230521189,1.187849202,low
14.642,0.226,4.800938183,4.527916849,5.636,5.4935,2.189083653,1.332748112,low
14.72,0.226,4.935320413,4.383107619,5.2545,5.0835,2.271711939,1.247171845,low
14.893,0.226,5.075202336,4.39918997,5.6755,5.563,2.174523974,1.12488278,med
15.055,0.226,4.818260345,4.451995469,5.8695,5.483,1.995134819,1.148409248,med
15.126,0.226,5.10973857,4.206720753,6.2415,5.5,2.145716135,1.3329391,med
15.3,0.226,4.977333923,4.545545553,6.1065,5.4625,2.217477428,1.208533996,high
15.335,0.226,4.945776799,4.60879362,5.631,5.118,2.244800245,1.425150236,high
14.387,0.227,4.919468077,4.561376338,5.4775,4.935,2.181065678,1.403874423,low
14.491,0.227,5.06465277,3.697561215,6.088,5.1665,2.226000089,1.230847223,low
14.781,0.227,4.904819744,4.497799425,5.027,5.227,2.243494379,1.37020108,med
14.892,0.227,4.923746757,4.00537481,5.6205,5.1225,2.307727005,1.383831898,med
14.988,0.227,5.182665028,4.339610916,5.9455,5.3645,2.189992776,1.422962516,med
15.189,0.227,4.866756526,4.309738957,6.4,5.8555,2.240139092,1.251127138,med
15.68,0.227,5.06452399,4.355276261,5.805,5.844,2.143921413,1.16108543,high
14.583,0.228,4.913794828,3.983876882,5.1665,5.392,2.396154592,1.360299188,low
14.659,0.228,4.928567888,4.359352366,5.9675,5.4425,2.313534554,1.318603895,low
15.024,0.228,4.757031183,4.32700161,5.886,5.6905,2.182675325,1.157506172,med
15.22,0.228,5.050345827,4.409179912,6.162,5.43,2.063040784,1.167218118,med
15.269,0.228,4.7813733,4.347451538,6.367,5.736,2.134911443,1.11637932,med
15.285,0.228,4.896166853,4.797264753,6.5555,5.796,2.091616944,0.996646454,med
14.257,0.229,4.729388738,4.64680024,6.019,5.1635,2.025523668,1.376361887,low
14.629,0.229,5.135208153,3.979767399,5.4285,5.2085,2.228989638,1.170052508,low
14.746,0.229,5.058386138,3.867329719,6.263,5.6145,2.062224818,1.12759419,med
14.759,0.229,4.62722458,4.506642682,5.5815,5.4405,2.269891469,1.271555558,med
14.812,0.229,4.8375173,4.470477322,5.9445,5.438,2.037639697,1.189669159,med
15.096,0.229,5.009041475,4.812813459,6.4745,5.8225,2.077518871,1.223712828,med
15.133,0.229,4.964443555,4.736115207,5.991,5.3605,2.181898713,1.399355112,med
15.223,0.229,4.974762321,4.244602302,6.1545,5.78,2.189781558,1.123420771,med
15.45,0.229,5.00957795,4.376902687,5.822,5.1875,2.327954557,1.42094973,high
15.514,0.229,4.907369114,4.672343326,6.2565,5.5465,1.967542353,1.275753165,high
15.559,0.229,4.898931421,4.463860255,6.207,5.284,2.317955647,1.384491816,high
14.543,0.23,4.877482248,4.518845749,6.0275,5.252,2.147118767,1.349782052,low
14.561,0.23,4.928785382,4.405895968,6.106,5.885,2.105620547,1.083910342,low
14.807,0.23,4.761152123,4.51673597,6.438,6.083,2.132080852,1.036664699,med
14.919,0.23,4.951206049,4.339455329,6.8005,5.688,1.992619974,1.261759314,med
14.953,0.23,4.753207743,4.4529113,6.178,5.5435,2.071402854,1.079039469,med
14.965,0.23,4.65215826,4.186700654,6.119,5.4825,2.062083619,1.206816052,med
15.092,0.23,4.826201599,4.883403599,6.194,6.013,1.974400323,1.050316646,med
15.106,0.23,4.901365585,4.434307572,5.747,5.307,2.09664566,1.228609413,med
15.133,0.23,4.913672937,4.301451953,6.2685,5.6725,2.163022997,1.348257979,med
15.133,0.23,4.901014366,4.446360247,5.8795,5.7625,2.249758955,1.103526871,med
15.18,0.23,4.857798074,4.431225681,5.8885,5.2975,2.270703463,1.18438713,med
15.507,0.23,5.021814897,4.286312653,5.968,5.598,2.032903263,1.254215782,high
14.587,0.231,4.893403948,4.587167834,5.3325,5.0265,2.265199054,1.409885903,low
14.979,0.231,4.979121433,4.138728086,5.797,5.7505,2.169774787,1.381326613,med
15.049,0.231,5.104658057,4.689907561,5.6285,5.391,2.258536078,1.333799421,med
15.106,0.231,4.931554461,4.324456663,6.338,5.3275,2.101096342,1.434222859,med
15.106,0.231,4.77366056,4.100307689,6.1835,5.992,1.897409452,1.219872084,med
15.181,0.231,4.980170958,4.55759984,5.873,5.5085,2.134667433,1.194190694,med
15.478,0.231,5.21100237,4.756804106,5.802,5.2715,2.050919165,1.296086339,high
15.499,0.231,4.955725133,4.332346368,6.197,5.808,2.016028342,1.162142715,high
15.644,0.231,4.817791545,4.700773919,5.9395,5.9075,2.155262667,1.093375645,high
15.799,0.231,5.085289423,4.620803663,6.3,6.0325,2.085857178,1.363033465,high
14.327,0.232,4.751088383,4.529096969,6.305,5.302,2.155529845,1.412946169,low
14.479,0.232,4.717773527,4.539710662,6.0505,5.0725,2.240330198,1.565428223,low
14.484,0.232,4.676712974,4.343532652,6.0345,5.5365,1.974064309,1.402765203,low
14.643,0.232,4.777129284,4.137866761,5.8285,5.49,2.16663503,1.189691462,low
14.791,0.232,5.103143946,4.263488591,6.414,5.854,2.027712798,1.250142724,med
14.904,0.232,4.800461152,4.460874732,6.099,5.7075,2.169586771,1.372074794,med
14.906,0.232,4.649619207,3.999366862,6.0585,5.889,2.223253587,1.200741955,med
14.917,0.232,4.907074383,4.441449575,5.3535,5.0415,2.203451747,1.318105801,med
15.081,0.232,4.839325497,4.70391063,6.2995,5.7485,2.056513469,1.410683585,med
15.343,0.232,4.884046817,4.922937968,5.8275,5.7055,2.007904937,1.300641017,high
15.959,0.232,4.755377129,4.375936099,6.7275,5.819,1.924938286,1.198019821,high
14.749,0.233,4.934671728,4.329355348,6.221,5.998,2.14615696,1.14710611,med
14.768,0.233,4.657734327,3.988170347,6.3425,6.1425,2.05018414,1.281346248,med
14.84,0.233,4.887339296,4.481333846,5.0495,4.628,2.093479365,1.246501702,med
14.86,0.233,4.947139517,4.379270026,6.001,5.605,2.319118378,1.218586371,med
14.96,0.233,4.758272989,4.266340266,6.103,5.6925,2.015991868,1.236794199,med
15.049,0.233,4.809975682,4.767668115,6.5,5.9565,1.944550329,1.155599102,med
15.076,0.233,4.813165928,4.450217755,5.9825,5.606,2.334356512,1.13962882,med
15.484,0.233,5.012361352,4.742653649,5.737,5.571,2.195141767,1.300061194,high
15.812,0.233,5.223605674,4.580498758,6.4105,5.5565,2.191941663,1.118099427,high
15.854,0.233,4.960392454,4.519207664,6.004,5.4595,2.005888408,1.317781981,high
15.946,0.233,4.758759672,4.338157306,6.423,6.063,1.956198665,1.13445725,high
14.27,0.234,4.703567514,4.716113674,5.8965,5.3025,2.244149089,1.369537061,low
14.768,0.234,4.918210224,4.843871784,5.803,5.276,2.199233344,1.251352637,med
15.031,0.234,4.688507341,4.144565742,6.1295,5.3005,2.128523264,1.458466788,med
15.045,0.234,4.851366999,4.261831666,6.525,5.6065,2.129736439,1.260623841,med
15.404,0.234,4.825779621,4.819960623,6.0165,5.586,2.149812324,1.341440906,high
15.923,0.234,5.019831928,4.607446692,5.9595,5.4555,2.128568751,1.417614328,high
16.305,0.234,5.085888347,4.654720171,6.1635,5.654,2.21360682,1.161096524,high
13.744,0.235,4.718974866,4.329891667,5.8335,5.6495,2.277512537,1.234331935,null
14.387,0.235,4.901764016,4.346180359,6.474,5.563,2.0970663,1.295726527,low
14.51,0.235,4.896199392,4.314567236,5.9335,5.4415,2.126481843,1.374889952,low
14.828,0.235,4.736684054,4.1939331,5.583,4.946,2.150203073,1.398953655,med
14.908,0.235,4.887166101,4.493638157,5.858,5.3095,2.293975031,1.41218317,med
14.973,0.235,4.988592273,4.360524033,5.6505,5.0745,2.126381173,1.427057513,med
15.108,0.235,4.837180397,4.408695647,6.1405,5.6935,2.244413819,1.284232711,med
15.5,0.235,5.097745505,3.892423522,6.0125,5.872,2.036863628,1.016165316,high
15.784,0.235,5.006281342,4.48737961,6.371,5.694,2.082406166,1.276317849,high
14.499,0.236,4.726932063,4.365652605,5.9725,6.0635,2.201047553,1.119818593,low
14.671,0.236,4.805285805,4.820120844,6.2275,5.282,2.190962242,1.206442028,low
14.698,0.236,5.017169831,4.659468095,6.0925,5.192,2.314736302,1.297659404,low
14.853,0.236,5.268534588,4.534032334,5.3415,5.286,2.081304592,1.32064005,med
14.874,0.236,4.947628304,4.66955953,5.963,5.3345,2.22692297,1.176602937,med
15.09,0.236,4.84436364,4.614945854,6.322,5.545,2.062819138,1.396645949,med
15.193,0.236,4.671438343,4.617850332,6.525,5.5675,2.08539982,1.313179507,med
15.204,0.236,4.818590911,4.401984401,6.2395,5.7255,2.377518289,1.333198821,med
15.344,0.236,4.845311762,4.34760893,6.133,5.549,2.061512921,1.2417325,high
14.959,0.237,4.980617872,4.340918351,6.5695,5.4405,2.019674657,1.267594761,med
14.996,0.237,4.814489413,4.162635912,5.601,4.768,2.167377837,1.579737904,med
15.132,0.237,4.952315599,4.077417676,6.0705,5.503,2.084043984,1.183798154,med
15.153,0.237,4.836419365,4.4866027,5.6965,5.497,2.201796526,1.255963721,med
15.436,0.237,4.627889779,4.658274161,6.267,5.5205,1.904323104,1.283671031,high
16.069,0.237,5.018430953,4.449951074,5.3735,5.2925,2.281978509,1.371591932,high
14.409,0.238,4.558626114,4.227283652,6.5075,5.364,2.142826963,1.363549898,low
14.67,0.238,4.782415289,4.545261752,6.062,5.5995,2.18219317,1.375096468,low
14.831,0.238,4.877176264,4.618039054,5.957,5.249,2.094393553,1.297378683,med
15.111,0.238,4.970629799,4.654266325,5.9245,5.7155,2.138989585,1.194825134,med
15.573,0.238,4.991401309,4.187555364,5.3585,5.1845,2.190601059,1.333102355,high
15.77,0.238,5.119123674,4.315836494,5.6875,5.8285,2.319827221,1.105664362,high
15.801,0.238,5.048934684,4.525521258,6.518,5.819,2.164107488,1.289413192,high
14.319,0.239,4.969371191,4.736351557,5.5935,5.2955,2.299266699,1.223060921,low
14.364,0.239,4.823392025,4.12563882,6.094,5.021,2.059315756,1.424332057,low
14.997,0.239,4.962670216,4.334805492,5.582,5.306,2.133825801,1.419164918,med
15.042,0.239,4.921369775,4.344822554,5.7495,5.534,2.149171744,1.23270012,med
15.076,0.239,4.656191873,4.628310486,6.3525,5.685,2.115579896,1.290082511,med
15.15,0.239,4.887152812,4.577562759,5.8885,5.6245,2.152523721,1.469554106,med
15.161,0.239,5.112743964,4.726930157,6.3985,5.5085,2.030456766,1.381507148,med
15.463,0.239,4.883614654,4.576041454,6.2335,5.7365,2.175377738,1.349948141,high
15.54,0.239,4.933121613,4.400188163,5.5735,5.252,2.022018002,1.276410191,high
14.208,0.24,4.87644981,3.983993943,5.983,5.504,2.144093434,1.425303355,null
14.672,0.24,4.981854361,4.346707976,6.3185,5.7855,2.121996828,1.397653338,low
14.705,0.24,4.939348467,4.643028421,6.3365,5.6335,2.193586676,1.171833877,low
14.977,0.24,4.688261974,4.401636019,6.4345,5.5995,2.024649141,1.087763867,med
15.023,0.24,4.864200655,4.575800429,6.0885,5.584,2.122189699,1.289080773,med
15.028,0.24,4.860259826,4.470966068,5.9625,5.231,2.147076285,1.340823515,med
15.144,0.24,5.090603938,4.218722715,5.0305,5.3395,2.335881476,1.395784705,med
15.154,0.24,4.971051596,4.662690808,6.4845,5.8385,2.202886107,1.209559481,med
15.315,0.24,4.92121875,4.623166161,5.713,5.4575,2.123290034,1.183620321,high
14.673,0.241,4.817354665,4.49330002,6.1565,5.658,2.052736487,1.225878679,low
14.675,0.241,5.083126346,4.515819947,5.808,5.521,2.148887226,1.312947365,low
15.409,0.241,4.999355054,4.883189691,6.522,5.4875,2.09614296,1.400786763,high
15.57,0.241,5.167839802,4.738277529,5.8665,5.526,2.243936889,1.385971991,high
15.666,0.241,5.052396068,4.911058433,5.774,5.324,2.075976299,1.440626942,high
15.933,0.241,4.984592398,4.471798601,6.4385,5.722,2.079994103,1.240370844,high
14.732,0.242,4.937360623,4.412772195,5.932,5.4435,2.178780409,1.244093666,low
14.947,0.242,4.970071613,4.575686133,5.7805,5.5185,2.1218596,1.279873385,med
14.985,0.242,4.93058491,4.218489284,6.4145,5.7885,2.152020746,1.106946141,med
15.023,0.242,4.892882335,4.777552476,5.792,5.187,2.171041436,1.304191132,med
15.315,0.242,4.950830019,4.535232262,6.1755,6.0415,2.258113679,1.24162614,high
15.383,0.242,5.099617426,4.584613767,6.2575,5.7145,2.203444761,1.15934595,high
15.458,0.242,5.272687502,4.530760705,5.7535,5.202,2.300657152,1.462500659,high
15.5,0.242,4.855110971,4.100006499,6.1045,5.4275,2.398122094,1.297873882,high
16.116,0.242,4.885129208,5.001995891,6.721,5.9455,2.082149402,1.340985025,high
14.219,0.243,4.722938315,4.263078996,6.3925,5.4635,2.143790377,1.277382432,low
14.662,0.243,4.564215004,4.053492978,5.9115,5.714,2.008192001,1.363920386,low
14.688,0.243,4.874930196,3.997329312,5.928,5.2865,2.20655028,1.381571147,low
14.811,0.243,5.11514955,4.449371749,6.09,5.3435,2.223942375,1.394635088,med
15.061,0.243,5.091944388,4.576858016,6.4725,5.7195,2.191199606,1.190024589,med
15.693,0.243,4.845298953,4.411599761,6.052,5.9675,1.975242004,1.120479846,high
16.335,0.243,4.823899803,4.831011092,7.166,6.102,1.997985837,1.140941801,high
14.446,0.244,4.694761021,4.766771043,5.79,5.115,2.097685506,1.387650318,low
15.096,0.244,4.801694132,4.623427442,5.811,5.4045,2.347056838,1.357564569,med
15.154,0.244,5.027616723,4.443379537,6.414,5.6935,2.164363079,1.130145281,med
15.255,0.244,4.906556434,4.516856189,5.888,5.5325,2.170395707,1.126784723,med
15.567,0.244,4.959661964,4.840673642,6.1895,5.47,2.03440545,1.3287254,high
14.214,0.245,4.725370552,4.582012171,5.9235,5.6125,2.08772093,1.236214732,low
15.111,0.245,4.871312674,4.37587236,6.0795,5.1275,2.095764398,1.347962605,med
15.277,0.245,5.082206346,4.302160043,5.507,5.267,2.190618644,1.336591838,med
15.337,0.245,4.978169755,4.44120453,6.388,5.427,2.11174291,1.339098758,high
14.683,0.246,4.794737763,4.71826336,5.9225,5.315,2.110309779,1.366738439,low
14.823,0.246,4.667405613,4.419188627,5.7845,5.548,2.189929749,1.245470107,med
15.128,0.246,4.917146105,4.126292015,6.4845,5.608,1.951034265,1.361852562,med
15.139,0.246,4.723543897,4.707096995,5.707,5.536,2.329303814,1.389298175,med
15.21,0.246,4.811310548,4.436853026,6.287,5.635,2.107118624,1.253239711,med
15.466,0.246,4.886387269,4.726481089,5.883,5.129,2.245523962,1.344814655,high
15.583,0.246,4.940942199,4.700391463,6.21,5.5995,1.924168769,1.221356021,high
15.593,0.246,4.80774411,4.595056062,6.134,5.591,2.288459063,1.350497235,high
14.95,0.247,4.708318367,4.627434985,5.9455,5.489,2.219682441,1.281388113,med
15.059,0.247,4.939060188,4.178748886,5.9435,5.4325,2.148425208,1.305223342,med
15.23,0.247,4.991130203,4.519035542,6.273,5.7055,2.147425553,1.083800958,med
15.449,0.247,4.819813245,4.283220014,5.7915,5.4965,2.3214788,1.342647887,high
15.613,0.247,5.015326149,4.453366332,5.6795,5.3165,2.148066153,1.177729596,high
15.846,0.247,5.196838429,4.511106696,5.4905,5.0395,2.145998628,1.596518,high
15.864,0.247,4.764833358,4.445992805,5.829,5.158,1.946345827,1.276788861,high
15.392,0.248,4.971479063,4.718116107,6.402,5.596,1.979436895,1.344525121,high
15.487,0.248,4.803270468,4.42540173,6.207,5.381,2.066872028,1.525931432,high
15.741,0.248,5.032030048,4.608215237,6.2985,5.6075,1.982590304,1.284466694,high
14.796,0.249,4.76666358,4.556812185,5.8325,5.248,2.363618301,1.378485318,med
15.178,0.249,5.079981314,4.751443136,6.072,5.655,2.102124948,1.098706265,med
15.198,0.249,5.043540253,4.224417955,6.0415,5.55,2.046846093,1.294776848,med
15.255,0.249,5.027025419,4.045485634,6.005,5.624,2.179085948,1.229767987,med
15.341,0.249,4.698856339,4.44064646,6.051,5.282,2.206644084,1.425126453,high
15.415,0.249,4.981643295,4.590746713,6.285,6.014,2.146682265,1.27367653,high
15.443,0.249,4.672356218,4.206118934,6.294,5.0085,2.086152839,1.424507267,high
15.696,0.249,5.186080324,4.541958876,6.4585,5.623,2.008233715,1.176204475,high
15.145,0.25,4.956122055,4.437255054,6.5255,5.603,2.135305965,1.126764457,med
15.647,0.25,5.090217265,4.262141196,6.479,5.586,2.125910502,1.268708966,high
15.768,0.25,4.75971174,4.710110486,5.8285,5.636,2.113520787,1.160320096,high
15.948,0.25,4.858301866,4.501689814,6.121,6.0155,2.266094266,1.148649978,high
15.414,0.251,5.192231357,4.348144563,6.2705,5.989,2.326272965,1.300257531,high
15.44,0.251,5.007003797,4.103220079,6.479,5.98,2.153334272,1.324650756,high
15.534,0.251,4.839608799,4.500502926,6.444,5.8005,2.0279003,1.207490166,high
15.669,0.251,4.701017883,4.937469029,6.3495,5.8255,2.252278749,1.334357021,high
15.835,0.251,4.706004166,4.450515121,6.4695,6.1345,2.176559381,1.09083089,high
15.864,0.251,4.864824631,4.458191251,5.2205,5.2785,2.173348075,1.277771465,high
15.869,0.251,4.980837751,4.733478036,6.223,5.8975,2.095259272,1.210040384,high
15.909,0.251,4.793868255,4.298304224,6.512,5.6025,2.109317095,1.41524722,high
16.121,0.251,5.013888722,4.472471832,6.3,5.2725,2.116660795,1.31209278,high
14.615,0.252,4.905087438,4.436197159,6.2655,5.5895,2.124136084,1.146797361,low
15.135,0.252,4.733780278,4.785273415,6.5,5.8595,2.108402039,1.170448349,med
15.607,0.252,4.765030057,4.379076951,6.6005,6.016,2.088254546,1.138997754,high
16.251,0.252,5.048228725,4.152889329,5.867,5.726,2.194060239,1.163914023,high
14.625,0.253,5.055871914,4.532312256,5.977,5.419,2.158389771,1.403810312,low
14.688,0.253,4.745369211,4.60603443,5.629,5.5755,2.275629513,1.174143395,low
15.037,0.253,4.838366624,4.304492207,6.256,5.657,2.095688706,1.313788411,med
15.112,0.253,4.966391057,4.667298676,5.985,5.676,2.161473835,1.299236297,med
15.147,0.253,4.546899227,4.194731708,6.54,5.866,2.092056135,1.064937509,med
15.163,0.253,4.929087189,4.395186473,6.2645,5.8605,2.025764606,1.279159384,med
15.267,0.253,5.065251151,4.699808779,5.7065,5.38,2.223517079,1.366546966,med
15.521,0.253,4.90536174,4.601870183,5.963,5.865,2.203920914,1.134328753,high
16.152,0.253,5.403574796,4.579940101,7.0615,6.2625,1.994965559,0.993650692,high
14.838,0.254,4.789149202,4.277811632,6.066,5.569,2.221969856,1.234012801,med
14.942,0.254,4.781763567,4.672804427,5.927,5.4915,2.056063099,1.401224962,med
15.113,0.254,4.990845842,4.308632793,5.2925,4.954,2.271344062,1.432160691,med
15.138,0.254,4.788125281,4.486908845,5.636,5.3815,2.323578079,1.366298104,med
15.182,0.254,4.601861885,4.028658481,6.2365,5.4815,1.947874522,1.226869355,med
15.298,0.254,4.832891529,4.583181035,6.116,6.223,2.165549358,1.131320441,high
15.566,0.254,4.932439623,4.711189919,6.113,5.6875,2.154027124,1.245227665,high
15.589,0.254,4.926985745,4.637656234,6.1905,5.6875,2.153896397,1.202966495,high
15.725,0.254,4.868925679,4.343278562,6.2215,5.8865,2.280548048,1.111134509,high
15.982,0.254,5.16472635,4.492883661,6.344,6.1245,2.15362804,1.142693507,high
15.4,0.255,4.924730141,4.742704523,6.685,5.4675,2.031489093,1.277239098,high
15.931,0.255,5.16828866,4.733311864,6.82,5.821,1.986601793,1.364477795,high
14.245,0.256,4.947468397,4.466887314,6.3405,5.7955,2.15318895,1.108683412,low
14.798,0.256,5.068070649,4.420509843,6.4255,5.299,2.028210311,1.218006288,med
15.011,0.256,4.75131626,4.520560329,5.884,5.499,2.054158199,1.223057791,med
15.42,0.256,4.950283505,4.763042891,6.423,5.842,2.174235506,1.198314523,high
15.527,0.256,4.983464683,4.493248005,6.314,5.5705,2.22359096,1.23605482,high
16.685,0.256,4.935696208,4.883440085,6.9765,6.326,2.047914136,1.101120617,high
14.972,0.257,4.674272424,4.374952452,6.1805,5.9285,2.22341917,1.157054311,med
15.11,0.257,5.027703233,4.82345279,5.834,5.4745,2.291247825,1.196271957,med
15.156,0.257,4.881663174,4.344342748,5.943,5.8295,2.092513432,1.162030812,med
15.838,0.257,5.074263779,4.330923921,6.5045,6.0025,2.236274913,1.111547447,high
15.861,0.258,4.844899093,4.520817512,6.4205,5.6645,2.048597279,1.144603479,high
14.376,0.259,5.139599363,4.288757783,5.917,5.477,2.194246919,1.432578386,low
15.482,0.259,4.880937771,4.648927783,6.733,5.744,2.043039857,1.050702207,high
15.588,0.259,4.654980163,4.843527965,6.2455,5.8815,2.220522255,1.19665172,high
15.739,0.259,5.138383051,4.534034207,6.4605,5.888,1.921046198,0.987427347,high
16.111,0.259,4.93777211,4.211750553,6.267,6.4535,2.222115579,1.173026961,high
15.652,0.26,5.218484704,4.19817303,5.87,5.202,2.24248784,1.376232744,high
16.17,0.26,4.94850935,4.771055309,6.472,6.323,1.98922637,1.084584853,high
16.196,0.26,5.160446869,4.587457455,6.517,5.786,2.033430402,1.049920402,high
15.64,0.261,5.253118863,4.605761282,6.7935,6.207,2.026113984,1.037165483,high
16.095,0.261,4.853612976,4.628836359,6.233,5.813,2.162909317,1.290921024,high
15.051,0.262,4.828718499,4.472300555,6.6775,5.7845,2.082148937,1.18739689,med
15.227,0.262,4.89644832,4.406365291,6.293,5.1065,2.035387384,1.407665439,med
15.363,0.262,5.266319494,4.332986256,6.4115,5.747,2.02848042,1.275129894,high
15.426,0.262,5.254310671,4.095030751,6.029,5.785,2.042520229,1.117479418,high
15.496,0.262,5.163709982,4.597930639,6.38,5.853,2.076192471,1.29432096,high
15.526,0.262,4.816303367,4.910147821,6.588,6.759,2.047009167,1.039664608,high
15.544,0.262,4.881737944,4.836479843,6.724,5.603,1.925035272,1.20720328,high
15.905,0.262,4.833771443,4.862238861,5.8355,5.5405,2.180425934,1.509290214,high
16.444,0.262,4.690031279,4.283472462,6.281,6.0515,2.217729233,1.0795547,high
15.104,0.263,4.758888948,4.134645366,6.388,5.773,2.004755447,1.163896387,med
15.136,0.263,4.796627197,4.771824715,6.17,5.8165,2.038802969,1.241843076,med
15.215,0.263,4.962269059,4.253425114,6.2195,5.6685,2.046556526,1.336973107,med
15.516,0.263,4.976168736,4.434371006,5.861,5.48,2.252453007,1.195496864,high
15.917,0.263,4.922543625,4.499053854,6.059,5.744,2.136973219,1.195928648,high
16.023,0.263,4.998232782,4.494002542,5.3165,5.489,2.194755735,1.316604844,high
15.346,0.264,4.869713962,4.494021292,6.3325,5.7835,2.150200532,1.173985264,high
15.494,0.264,4.935926737,4.473176246,6.856,5.986,2.025726221,1.249074813,high
15.538,0.264,4.943843022,4.619609507,6.3305,5.7885,2.180522264,1.170005824,high
15.609,0.264,4.99413594,4.837443692,5.843,5.656,2.100297158,1.319181541,high
15.61,0.264,4.990396265,4.550871747,6.3265,6.262,2.271998468,1.228936094,high
15.035,0.265,4.765653722,4.694513409,5.812,5.1805,2.162261082,1.451909956,med
15.169,0.265,5.025481233,4.487893999,5.809,4.982,2.252074814,1.526437864,med
15.267,0.265,4.88600833,4.519894814,5.7025,5.662,2.257746573,1.255476489,med
15.604,0.265,4.988940703,4.633142032,6.522,5.933,2.14380864,1.199077621,high
16.143,0.265,5.414320541,4.797703048,6.4775,5.964,2.140604435,1.318450807,high
16.395,0.265,5.179349481,4.498629611,6.719,6.2345,2.103297208,1.078116251,high
14.984,0.266,4.827254815,4.48958122,6.478,5.7615,2.14952406,1.33295033,med
15.017,0.266,4.861781638,4.07463495,6.546,6.27,2.266880722,1.009796161,med
15.561,0.266,4.750273412,4.551054147,5.9955,5.646,2.130165706,1.171888885,high
15.842,0.266,4.952119373,4.344883434,6.5375,5.839,2.112287868,1.301005838,high
16.034,0.266,4.956889999,4.311412962,6.085,5.839,2.177949772,1.18313352,high
16.345,0.266,5.072676937,4.563359943,6.7705,6.3485,2.001205246,1.17609169,high
16.376,0.266,5.028858027,4.519541243,6.8935,6.002,2.112356175,1.241881655,high
15.571,0.267,4.946477427,4.378926428,6.24,5.6855,2.200697538,1.266935702,high
15.58,0.267,4.894757518,4.22622164,6.2835,4.9085,2.077512681,1.369380261,high
14.717,0.268,5.009190536,4.458392991,5.71,5.228,2.127135946,1.279477245,low
15.582,0.268,4.845987253,4.32942758,5.557,5.267,2.208451454,1.280643683,high
15.74,0.268,5.105034361,3.986707375,6.587,6.272,2.069243604,1.057799983,high
16.186,0.268,5.009984462,4.593354448,6.487,6.1495,1.960373202,1.148339509,high
16.859,0.268,5.091708647,4.731536903,6.9335,6.3945,1.933396766,1.165787166,high
15.147,0.269,5.113420729,4.656897374,6.097,5.2515,2.13134579,1.269226398,med
15.572,0.269,5.094499673,4.906796532,5.8605,6.0305,2.052165458,1.16986776,high
16,0.269,4.9306913,4.689687176,6.897,6.254,2.038045865,1.10463657,high
16.096,0.269,5.190946308,4.773159688,6.1095,5.899,2.12146464,1.205857008,high
16.359,0.269,4.884692041,4.749488923,6.146,6.09,2.215326542,1.105218745,high
14.952,0.27,4.783844015,4.266610277,6.173,5.5765,2.075383714,1.299331507,med
15.27,0.27,4.915055236,4.46130811,6.9355,6.464,2.032615836,1.172613314,med
15.283,0.27,5.038875094,4.686271102,6.3045,5.801,2.122581252,1.196978931,med
15.491,0.27,5.160181167,4.544388998,6.63,5.5405,2.098982285,1.387155283,high
15.532,0.27,4.714434053,4.597504134,6.5005,5.8,2.165296613,1.270562537,high
15.767,0.27,4.926333453,4.566260021,6.0295,5.4475,2.1318022,1.35293494,high
15.905,0.27,4.828959245,4.851404416,6.7555,6.0135,2.144326287,1.126643597,high
15.123,0.271,4.674838288,4.367219914,6.06,4.5885,2.041185521,1.561754965,med
15.613,0.271,4.992371886,4.817233552,5.7745,5.4005,2.189488993,1.294184301,high
15.62,0.271,4.910272697,4.875459583,6.282,5.4715,2.1592763,1.412443298,high
14.76,0.272,4.806965162,4.468945187,5.7955,5.086,2.393871871,1.361470676,med
15.188,0.272,4.946602674,4.351071638,6.0865,5.4105,2.381146755,1.300546593,med
15.537,0.272,5.088053968,4.41808169,6.093,5.6955,2.10494809,1.185737012,high
15.541,0.272,5.096806586,4.916081511,6.3635,5.669,2.065414179,1.160151616,high
15.993,0.272,4.918140469,4.821881359,6.4035,5.7975,2.231919637,1.339407184,high
16.71,0.272,4.864675021,4.772940216,6.4655,6.3515,2.051311593,0.980854932,high
15.313,0.273,4.822208458,4.650562758,6.4025,5.8495,2.197109369,1.163282968,high
16.027,0.273,5.20044941,4.351158254,6.517,6.1465,2.149123157,1.240259121,high
16.116,0.273,4.813485781,4.935302741,6.302,5.8285,2.107662601,1.180038572,high
16.186,0.273,5.062898797,4.564824449,6.598,5.9395,2.145624395,1.229002889,high
16.694,0.273,4.963272592,4.627089209,6.0835,6.5635,2.163791319,1.204394653,high
15.188,0.274,4.847496184,4.53688573,6.1695,5.6965,2.324403205,1.267827658,med
15.292,0.274,4.837754884,4.500858967,6.268,5.842,2.084012226,1.144923621,med
16.14,0.274,4.901012832,4.740541995,5.578,5.5985,2.232890654,1.374870181,high
15.365,0.275,5.014984312,4.201957105,6.028,5.187,2.11251228,1.377245532,high
15.468,0.275,4.822499661,4.431458116,6.5455,5.772,1.951492096,1.234401299,high
16.252,0.275,5.085359835,4.821147275,6.902,5.768,2.094351943,1.105639818,high
15.671,0.276,5.043801446,4.316336674,6.411,6.0185,2.02180642,1.274979705,high
15.858,0.276,5.326875957,4.367171455,6.2845,5.4645,2.141044584,1.382336365,high
16.5,0.276,5.255013061,4.798821953,6.031,5.649,2.324705394,1.392693353,high
16.611,0.276,5.309456206,4.976582911,6.7365,6.3665,2.088004219,1.024549105,high
14.985,0.277,4.871011924,4.071240048,5.3755,5.09,2.225281399,1.357342547,med
15.868,0.277,5.076587865,4.363436149,6.376,5.6755,2.218612113,1.38598301,high
15.956,0.277,5.025393972,4.545735302,6.151,5.6925,2.157389323,1.245625031,high
16.36,0.277,5.157809798,4.199946388,5.8665,5.578,2.00254547,1.244224948,high
16.837,0.277,5.141496204,4.874119152,6.374,5.793,2.091637957,1.285391057,high
15.113,0.278,5.197504262,4.454952914,6.001,5.6585,2.182120192,1.22765508,med
15.482,0.278,5.106622575,4.67506725,5.46,5.82,2.28582746,1.334133779,high
15.51,0.278,5.183894889,4.96792101,6.2845,5.5375,2.338405358,1.217859908,high
16.506,0.278,5.160020596,4.850898944,6.794,6.237,2.019724003,1.088481991,high
15.72,0.279,4.926377557,4.700176994,6.6325,6.114,2.069199731,1.145291827,high
15.847,0.28,5.047498046,4.340497358,5.858,5.2395,2.190040139,1.206479321,high
15.86,0.28,5.02400046,4.280571256,5.761,5.42,2.048979111,1.415875866,high
16.054,0.28,5.227180239,4.956243654,6.26,6.163,2.068324463,1.102735913,high
15.306,0.281,5.004394155,4.504619326,6.277,5.807,2.150423078,1.158010823,high
15.685,0.281,5.141378549,4.504885469,6.0825,5.436,2.19361332,1.334672204,high
16.403,0.281,5.072007767,4.549489835,5.894,5.449,2.22917922,1.362952412,high
15.148,0.282,4.765181693,4.26867339,6.074,5.406,2.119285146,1.292683386,med
15.656,0.282,5.19451332,4.54441874,6.8385,6.069,2.004332936,1.236348254,high
15.687,0.282,4.959023115,4.57124218,6.531,6.1895,2.0689422,1.295877375,high
16.335,0.282,5.15718776,4.764851956,6.436,5.7175,1.974968302,1.25670988,high
15.238,0.283,4.980273222,4.614852791,5.8295,5.5835,2.241316067,1.259991394,med
15.416,0.283,4.860714333,4.582158116,6.4815,5.837,1.995511795,1.112096097,high
15.71,0.283,4.811260671,4.160594108,6.7305,5.6545,1.89095615,1.328564067,high
16.355,0.283,5.219680734,4.467000044,6.611,6.3075,2.272197655,1.049739771,high
15.735,0.284,5.147420146,4.696794683,6.427,5.97,1.996692951,1.195555925,high
15.536,0.285,5.02941423,5.004092334,6.8165,6.064,2.085519311,1.278281833,high
16.692,0.285,5.276131511,4.69355043,6.914,6.276,2.07058565,1.146682133,high
16.482,0.287,5.101660906,4.284174964,6.701,6.1225,2.074021991,1.123575658,high
16.54,0.287,5.02906642,4.623372067,6.5,6.072,2.270041529,1.093303181,high
16.161,0.288,5.093859819,4.462065748,6.4335,5.8845,2.050395103,1.174110524,high
16.19,0.288,5.028033059,4.372404278,6.3465,5.803,2.105752202,1.195325886,high
15.336,0.289,5.0577607,4.311244923,6.1,5.596,2.21137899,1.167037336,high
15.499,0.289,5.15922232,4.454803497,7.178,6.036,1.778461309,1.185238556,high
15.8,0.29,4.934628181,4.783164269,6.3445,5.6465,2.032153123,1.229543431,high
15.975,0.29,5.387834765,4.700068008,7.0845,6.271,2.039683293,1.220550264,high
15.27,0.291,4.623446349,4.223623747,6.063,5.319,2.193713169,1.291824966,med
16.688,0.291,5.070575729,4.49963119,6.51,5.9975,2.111810664,1.101328554,high
15.641,0.293,5.145274019,4.506600563,5.713,5.5925,2.364911439,1.329945787,high
16.126,0.294,5.080776153,4.643338723,6.603,6.227,1.941864593,1.16953895,high
16.302,0.294,4.779096664,4.579635185,6.622,5.8015,2.082193419,1.283908341,high
16.803,0.294,5.004274421,5.088008902,6.539,5.9425,2.172393357,1.16888934,high
16.526,0.295,4.925183609,4.551957831,6.401,6.226,2.120400428,1.20034272,high
15.608,0.297,4.835740359,4.67556311,6.6035,5.8685,2.163620685,1.27064356,high
15.734,0.297,4.796361011,4.037354888,6.898,6.135,2.109890689,1.103280135,high
16.244,0.3,5.206823951,4.523517663,6.2485,6.1095,2.211592907,1.137396742,high
15.199,0.301,4.776191447,4.581034981,6.7335,5.869,1.995218915,1.150961453,med
15.496,0.301,5.031987685,4.726291882,6.038,5.6185,2.047831438,1.172929504,high
16.087,0.301,4.811710868,5.011307815,6.687,5.9725,1.96175112,1.201855522,high
16.395,0.301,4.818532193,4.607496036,6.527,6.1305,1.992841908,1.250244019,high
15.463,0.302,4.717455464,5.205382183,7.1325,6.4855,1.956673642,1.050997202,high
15.644,0.302,5.032425793,4.770467085,6.16,5.3665,2.243232177,1.371265812,high
16.179,0.302,4.997229898,4.33211191,6.284,5.5985,2.169583687,1.360922872,high
16.526,0.305,4.980522645,5.098697127,6.481,5.7045,2.113082759,1.300702234,high
16.25,0.306,5.142329236,4.507275268,5.9595,5.788,2.116687302,1.121558195,high
16.607,0.306,4.897911041,4.731606895,6.623,6.098,2.06491659,1.302665117,high
16.102,0.308,5.258824074,4.38693561,6.4085,5.972,2.091184749,1.159144658,high
16.152,0.308,5.001544477,4.493383984,5.858,5.653,2.203575555,1.206410782,high
16.027,0.31,5.069867053,4.502585188,7.0355,6.362,1.940164242,1.068716873,high
16.439,0.31,5.236583477,4.676651784,6.011,5.7405,2.072047436,1.422091542,high
14.634,0.313,4.94984101,4.491223242,6.0525,5.109,2.226444459,1.388525317,low
16.112,0.313,4.641574085,4.360437376,6.7925,6.5995,2.021344312,0.955768866,high
16.708,0.319,4.998202268,4.79491356,6.8605,6.1865,1.975499438,1.222413258,high
15.938,0.32,4.994614713,4.647173502,6.6015,5.7425,2.037201953,1.158165765,high
16.421,0.32,5.09392524,4.922547525,6.535,6.244,1.913919293,1.191233879,high
15.745,0.321,5.072368348,4.284273326,6.7855,6.054,1.942520663,1.188557799,high
17.126,0.323,4.887429425,5.078337415,7.1425,6.732,2.021017929,0.876757722,high
17.391,0.323,5.084733247,4.436167603,6.1815,6.207,1.954358041,1.160386858,high
16.521,0.325,5.202880415,4.378878147,6.7295,6.5365,2.083338488,1.096161073,high
16.896,0.333,5.087683077,4.842188461,7.0415,6.429,1.952572915,1.258965817,high
16.917,0.336,5.160575722,4.691640158,6.871,6.2095,1.944271798,1.228470742,high
16.382,0.338,5.299830067,4.435929476,6.7905,6.038,1.874931455,1.330815166,high
15.704,0.339,5.0441541,4.375065061,6.647,6.1265,2.021857385,1.165274976,high
17.048,0.34,5.145763432,4.857462902,5.8515,6.556,2.013369404,1.127551556,high
16.873,0.347,5.239199063,4.623363394,5.9645,5.9525,2.173377501,1.311586151,high
16.34,0.35,4.765602386,4.771840031,6.5675,6.109,2.205038138,1.014322388,high
16.821,0.358,4.998690196,4.758179743,6.798,5.9205,2.111586503,1.221704603,high
16.939,0.358,5.041236759,4.92335015,7.1095,6.579,2.109760535,1.235941904,high
17.077,0.373,4.914635363,4.828556586,6.6555,6.2335,2.128099854,1.027193373,high
17.254,0.374,5.247846479,4.156994563,6.324,5.876,1.961274644,1.295260895,high
17.335,0.407,5.173320366,4.726489588,6.6,6.6425,2.046603551,0.838214115,high
